obligation_id,country_iso3,country_name,regime_type,regime_framework,is_enacted,effective_date,applies_to_platform,has_revenue_threshold,standard_rate_pct,registration_threshold_usd,local_currency_code,local_currency_amount,deemed_supplier_rules,edp_classification,b2c_scope,import_vat_rules,penalty_financial_severity,penalty_operational_severity,penalties_description,guidance_maturity,regulatory_attention_level,complexity_score_base,source_url,verbatim_quote,confidence_flag,last_verified_date,notes
VAT_GST_ARG,ARG,Argentina,vat_gst,vat_gst_marketplace,True,2018-06-27,True,True,21,,ARS,750000,False,True,True,True,high,high,"Late payment penalty ranges from 1 to 3 times the amount due; late filing penalty is ARS 200 per return for individuals and ARS 400 per return for companies. Non-payment of VAT owed attracts a penalty of 100% of the amount owed. Fraudulent activities may face fines ranging from two to six times the amount of tax owed, and imprisonment in extreme cases. Late registration may result in inability to operate any commercial activity plus financial penalties.",mature,high,8,https://vatabout.com/argentina-vat-2025-digital-platform-rules,"With new rules in place, effective since December 1, 2025, a seller is now regarded as habitual if they either complete at least ten sales in a single month with total sales of ARS 750,000 (around USD 520)",high,2026-03-16,"Argentina does not have formal 'deemed supplier' rules transferring full VAT liability to the marketplace as a principal; instead, under General Resolution 5319/2023 (amended by GR 5794/2025 effective December 1, 2025), digital platforms act as VAT withholding agents for sales by registered, Monotributo, and qualifying unregistered sellers — not as deemed resellers. The registration_threshold_usd is null because there is no registration threshold for non-resident businesses (all sales are potentially taxable from the first transaction). The local_currency_amount of ARS 750,000 reflects the 2025 habitual-seller activity threshold for platform withholding obligations under GR 5794/2025, not a registration threshold. As of September 1, 2024, the VAT withholding regime no longer applies to payments made through electronic systems (GR 5553/2024); primary collection responsibility shifted to the recipient/customer via self-assessment unless AFIP/ARCA specifically instructs a payment service provider to withhold. Fonoa explicitly states 'Argentina does not have specific VAT rules for marketplaces or platform operators' in the classical deemed-supplier sense. Import VAT applies at 21% on CIF value plus import duty for physical goods. The original effective date of June 27, 2018 refers to implementation of Law 27,430 digital services VAT rules. A proposed 'Super IVA' reform has been mentioned for 2026 but is not yet enacted. Currency: Argentine Peso (ARS). Multiple overlapping resolutions (4240/2018, 5319/2023, 5553/2024, 5794/2025) make this regime complex and rapidly evolving."
VAT_GST_AUS,AUS,Australia,vat_gst,vat_gst_marketplace,True,2017-07-01,True,True,10,49830,AUD,75000,True,True,True,True,high,high,"ATO may calculate unpaid GST using third-party data (bank and customs data), apply penalties for failure to register, and for Significant Global Entities (global turnover > AUD $1 billion) may impose significant administrative penalties. ATO can register penalties as a debt in courts or through relevant taxation authorities in the overseas entity's country. Failure-to-lodge penalties apply for late filing/payment. Pre-registration liability can be backdated up to four years.",mature,high,7,https://stripe.com/guides/understanding-the-tax-obligations-of-marketplaces-in-australia,"Australia requires that an EDP registers if its taxable sales to Australian customers exceeded $75,000 AUD in the past 12 months, or if the EDP expects sales to exceed that amount in the next 12 months.",high,2026-03-16,"Two separate effective dates apply: (1) 1 July 2017 for GST on imported digital services and products (GSTR 2017/1; EDP deemed supplier rules for digital goods commenced from this date per ATO LCR 2018/2); (2) 1 July 2018 for GST on low-value imported goods (customs value AUD 1,000 or less) per Treasury Laws Amendment (GST Low Value Goods) Act 2017 and LCR 2018/1. The effective_date field reflects the earlier EDP/digital-services commencement. The Sharing Economy Reporting Regime (SERR) introduced additional reporting obligations: ride-sharing and short-term accommodation from 1 July 2023; asset sharing, food delivery, and other services from 1 July 2024. EDP is defined to include (but is not limited to) a website, internet portal, gateway, store or marketplace. The AUD 75,000 USD equivalent (~49,830 USD) is based on the XE mid-market rate of 0.6644 AUD/USD as of 2026-03-16 and is inherently variable; the statutory threshold is denominated exclusively in AUD. B2B sales are generally out of scope (reverse charge applies to GST-registered Australian businesses). No de-registration threshold is stated in sources; registration threshold applies to both resident and non-resident EDPs."
VAT_GST_AUT,AUT,Austria,vat_gst,vat_gst_marketplace,True,2021-07-01,True,True,20,,EUR,55000,True,True,True,True,medium,medium,Late VAT return submission: penalty up to 10% of VAT due. Late payment: 2% of total payable VAT. Second penalty of 1% if unpaid three months after due date. Third penalty of 1% if still unpaid three months after the second penalty.,mature,high,7,https://www.fonoa.com/resources/country-tax-guides/austria,Austria applies the harmonized European Union's (EU) VAT rules for marketplace & platform operators.,high,2026-03-16,"Austria implements the EU harmonized marketplace deemed supplier rules effective 1 July 2021 (EU VAT e-commerce package). The deemed supplier provision treats the marketplace as having received and supplied goods itself, splitting the transaction into a deemed B2B supply (underlying supplier to marketplace) and a deemed B2C supply (marketplace to final customer). This applies to: (1) supplies of goods from non-EU established sellers to EU customers regardless of value, and (2) import goods valued up to EUR 150 via IOSS. For electronically supplied services (ESS) sold via an intermediary/marketplace, the intermediary is also deemed to have received and supplied the services, shifting VAT liability to the intermediary. Austria also maintains a national platform liability regime (pre-existing, noted as the 'Austrian model') in addition to the EU harmonized rules. Platforms were required to report certain data on supplies to Austrian private individuals from January 2020; as of 1 July 2021, those recording obligations were replaced by the general EU VAT regulations. Registration threshold for domestic established sellers: EUR 55,000 (raised from EUR 35,000 effective 1 January 2025). No threshold for non-established/non-EU sellers. EU-wide distance selling threshold of EUR 10,000 applies for OSS eligibility. The EUR 55,000 USD equivalent is not explicitly stated in sources; USD conversion not provided. Standard VAT rate 20%; reduced rates of 10% and 13% exist."
VAT_GST_BEL,BEL,Belgium,vat_gst,vat_gst_marketplace,True,2021-07-01,True,True,21,,EUR,10000,True,True,True,True,high,medium,"Failure to submit VAT return: EUR 1,000 per return; late submission: EUR 100 per month (max EUR 1,000); late payment: fine equal to twice the tax paid late plus 0.8% interest per month; fraud: fine equal to twice the VAT amount evaded.",mature,high,7,https://www.fonoa.com/countries/belgium,Belgium applies the harmonized European Union's (EU) VAT rules for marketplace & platform operators.,high,2026-03-16,"Belgium follows EU-harmonised marketplace/deemed supplier rules transposed via the EU e-Commerce VAT package effective 1 July 2021. The deemed supplier provision applies when a digital platform intermediates between an underlying supplier and the final customer (Article 14a EU VAT Directive). The EUR 10,000 threshold applies to intra-EU distance sales of goods and B2C TBE/ESS services; there is no registration threshold for non-resident non-EU ESS suppliers. Resident small businesses below EUR 25,000 annual turnover may benefit from a VAT exemption scheme. Import VAT deferment is available via the ET 14000 licence. Non-EU businesses must appoint a fiscal representative. USD equivalent of registration threshold not stated in sources; local amount EUR 10,000 used. ViDA reforms (mandatory deemed supplier expansion for accommodation/transport platforms) are expected to apply from 2028/2030 but are not yet in force."
VAT_GST_BRA,BRA,Brazil,vat_gst,vat_gst_marketplace,True,2026-01-01,True,False,26.5,,BRL,,True,True,True,True,medium,high,"A 3-month penalty-free testing period applies once CBS and IBS regulations are published in 2026; after this window closes, incomplete or incorrect invoice reporting may trigger fines, loss of credits, and operational disruption. Between 1 January and 30 April 2026 there is a waiver of most penalties for failure to e-invoice CBS and IBS taxes correctly. If neither supplier nor platform registers, taxes may be withheld by financial institutions handling remittances.",developing,critical,9,https://www.vatcalc.com/brazil/brazil-vat-non-resident-digital-services-providers-marketplaces-2026/,The new proposals also make facilitating marketplaces or similar digital platforms liable for CBS and IBS collections.,high,2026-03-16,"Brazil enacted Complementary Law 214/2025 on 17 January 2025, establishing a dual VAT regime (CBS at federal level + IBS at state/municipal level) replacing five existing taxes (PIS, COFINS, IPI, ICMS, ISS). The combined reference rate is approximately 26.5% (CBS 8.8% + IBS 17.7%), though final supplementary legislation setting exact rates is still pending as of the publication dates reviewed. The marketplace/platform rules under Supplementary Law 214/2025 make digital platforms liable for CBS and IBS where they control T&Cs, payments, or delivery; platforms facilitating only listings or payments are excluded. A secondary law, Complementary Law 227/2026 (published 13 January 2026), further clarifies digital platform compliance obligations. 2026 is a pilot/test year with symbolic rates (CBS 0.9%, IBS 0.1%) shown on invoices but not collected; full CBS collection begins 1 January 2027; full IBS phase-in runs 2029–2032, with complete migration by 2033. Registration threshold for foreign non-resident platforms is nil — any taxable activity triggers registration. No specific USD or BRL registration threshold was found in the sources. The b2c_scope is explicitly confirmed; b2b scope is also indicated but some ambiguity remains in guidance. Import VAT rules confirmed: imported goods and services including digital ones subject to CBS/IBS. Penalty regime: 3-month penalty-free testing window after regulations published in 2026, then financial penalties and loss of credits apply; financial severity rated medium (penalty-free window and offsets available initially), operational severity rated high (e-invoicing mandatory, invoice is primary compliance vehicle). Guidance maturity rated 'developing': framework is legislated but key operational regulations are still pending. Regulatory attention rated 'critical' given scale of reform and mandatory platform registration. Complexity score 9/10 reflecting one of the world's most complex and layered tax transitions."
VAT_GST_CAN,CAN,Canada,vat_gst,vat_gst_marketplace,True,2021-07-01,True,True,5,,CAD,30000,True,True,True,True,medium,medium,"Late filing of GST/HST return: penalty equal to 1% of outstanding balance plus 0.25% per month up to 12 months, plus daily compounded interest. For reporting platform operators failing to file Part XX information returns: penalties range from CAD $100 to CAD $7,500. Sellers failing to provide TIN to platform operators: CAD $500 per failure. For false statements or omitting information: greater of CAD $250 or 25% of tax owed or overclaimed. Criminal offences may apply for intentional evasion. CRA uses a prospective compliance approach except for egregious non-compliance.",mature,high,8,https://www.canada.ca/en/revenue-agency/services/tax/businesses/topics/gst-hst-businesses/digital-economy.html,"The ETA has been amended, effective July 1, 2021, to include GST/HST provisions that generally apply to non-resident suppliers, distribution platform operators and accommodation platform operators participating in the digital economy.",high,2026-03-16,"Canada's federal GST rate is 5%; HST (combined federal + provincial) applies in five provinces at 13% or 15% (Ontario 13%, others 15%). The standard_rate_pct of 5 reflects the federal GST baseline only. Registration threshold of CAD $30,000 applies over a 12-month period for both resident platforms (normal regime) and non-resident platforms (simplified regime). Deemed supplier rules apply: distribution platform operators are deemed the supplier for goods sold by non-registered vendors through their platforms (fulfillment warehouse rule) and accommodation platform operators are deemed supplier when the underlying host is not GST/HST registered. A separate OECD-aligned digital platform operator reporting regime (Part XX of the Income Tax Act) took effect January 1, 2024, requiring annual seller data reporting to CRA. Import GST (5%) applies at the border on most goods; the low-value postal exemption threshold is CAD $20 for mail imports. No marketplace-specific import VAT collection regime at the border (unlike some jurisdictions); import GST is collected by CBSA from the importer of record. Provincial-level marketplace facilitator rules also exist in BC, Quebec, Manitoba, and Saskatchewan with varying thresholds and scope. USD equivalent of CAD $30,000 threshold left as null because no official USD conversion is published in the source rules. registration_threshold_usd is null as the threshold is denominated exclusively in CAD."
VAT_GST_CHL,CHL,Chile,vat_gst,vat_gst_marketplace,True,2025-10-25,True,False,19,,CLP,,True,True,True,True,medium,medium,"If a digital platform fails to enrol in the Simplified Tax Regime, the Chilean Internal Revenue Service is empowered to require payment card issuers and electronic payment operators to collect, declare, and pay the applicable VAT. Taxpayers who do not prove compliance with tax obligations to platform operators are subject to advance VAT withholding by the intermediary, not exceeding the current VAT rate.",developing,high,7,https://www.ibanet.org/Chile-VAT-new-regulations-B2C-sales-transactions-on-digital-marketplaces,"Law No 21,713 on Compliance with Tax Obligations, enacted on 25 October 2024, incorporates relevant changes on the tax treatment applicable to the international business to consumer (B2C) digital trade of goods.",high,2026-03-16,"Deemed supplier rules for marketplaces effective 25 October 2025 per Law No 21,713 (enacted 25 October 2024). No VAT registration threshold. Platforms are deemed suppliers for transactions where neither seller nor buyer is locally VAT-registered. Import VAT now applies to low-value goods (consignments at or below USD 500), removing prior exemption for imports below USD 41. A further bill proposing expanded deemed supplier rules and updated place-of-supply rules is proposed from January 2027. B2B transactions are excluded; reverse charge applies. Periodic compliance verification by platforms required from January 2026. Standard VAT rate is 19%."
VAT_GST_CHN,CHN,China,vat_gst,vat_gst_marketplace,True,2026-01-01,True,True,13,,CNY,5000000,True,True,True,True,medium,medium,Violations subject to enforcement under China's Tax Collection and Administration Law. The new VAT Law outlines penalties for non-compliance; specific penalty quantum deferred to the Tax Administration Law.,developing,high,8,https://www.globalvatcompliance.com/globalvatnews/china-digital-platform-vat/,"Under the DPI framework, a digital platform that facilitates transactions between sellers and customers may be required to act as the VAT intermediary for supplies made through the platform.",medium,2026-03-16,"China's consolidated VAT Law (passed 25 December 2024) and its Implementation Regulations both took effect 1 January 2026, replacing the Interim VAT Regulations. The Digital Platform Intermediary (DPI) framework places VAT reporting and, in some cases, payment obligations on platforms facilitating transactions; full deemed-supplier rules are still evolving and Detailed Implementation Regulations are awaited. The general-taxpayer registration threshold is CNY 5 million annual taxable sales; small-scale taxpayers below CNY 5 million use a simplified 3% levy rate (temporarily reduced to 1% through 31 December 2027). Standard rate of 13% applies to most goods; 9% and 6% apply to specified services. Import VAT collected by customs at point of entry. No explicit USD registration threshold is published; the CNY 5 million figure (~USD 690,000 at approximate exchange) is the statutory threshold. Overseas businesses face administrative barriers to VAT registration as no formal non-resident registration procedure has yet been established. Marketplace/platform obligations for foreign-established operators remain nascent and continue to evolve. USD equivalent of CNY 5 million threshold is an approximation and is not stated in source."
VAT_GST_COL,COL,Colombia,vat_gst,vat_gst_marketplace,True,2018-07-01,True,False,19,,COP,,False,True,True,False,high,medium,"Late filing penalty of 5% of total tax due per month or fraction, up to 100% maximum; increases to 10% per month (up to 200%) after tax authority summons. Separate penalty of 10% of bank deposits or gross income for unfiled returns. Return correction penalty of 10% of the greater value to be paid.",developing,medium,5,https://www.fonoa.com/resources/country-tax-guides/colombia,Colombia does not have specific VAT rules for marketplaces or platform operators.,high,2026-03-16,"Colombia imposed VAT on foreign digital service providers from 1 July 2018. No deemed supplier or marketplace facilitator rules exist as of the research date. VAT collection responsibility for B2C digital transactions falls on local banks, credit card issuers, and payment processors via a withholding mechanism — not on the marketplace platform itself. Foreign suppliers may optionally self-register with DIAN instead. No registration threshold: obligations triggered from the first B2C sale. B2B transactions handled via reverse charge. A legislative proposal to extend rules to resident digital platforms was noted but not enacted. Standard VAT rate is 19%. No import VAT-specific marketplace rules identified."
VAT_GST_FRA,FRA,France,vat_gst,vat_gst_marketplace,True,2021-07-01,True,True,20,,EUR,10000,True,True,True,True,high,medium,"Late filing penalty of 10% of VAT due if filed within 30 days of reminder, rising to 40% after 30-day period, and 80% for failure to file. Late payment incurs 5% penalty plus 0.2% interest per month.",mature,high,7,https://www.fonoa.com/resources/country-tax-guides/france,France applies the harmonized European Unions (EU) VAT rules for marketplace & platform operators.,high,2026-03-16,"France implements the EU VAT e-commerce package (effective 1 July 2021) which introduced deemed supplier rules for marketplaces. The EUR 10,000 threshold applies to EU-wide intra-community distance sales of goods and B2C ESS; there is no threshold for non-established (non-EU) sellers. France has also separately called via the EU VAT Committee for harmonisation of marketplace obligations where non-EU sellers circumvent Fixed Establishment rules (Article 14a(2) of the VAT Directive). The ViDA package (published March 2025, implementation from April 2025 through 2030s) will extend deemed supplier rules further, including to short-term rentals and passenger transport from 2030. Domestic resident seller VAT registration threshold is EUR 85,000 for goods and EUR 37,500 for services (2025 figures). Registration threshold in USD equivalent is not explicitly stated in source and is therefore returned as null."
VAT_GST_DEU,DEU,Germany,vat_gst,vat_gst_marketplace,True,2021-07-01,True,True,19,,EUR,25000,True,True,True,True,medium,medium,"If VAT is paid late, penalty interest is charged at 1% per month of the tax liability. If a VAT return is filed late, a fine of up to 10% of the assessed tax amount may be imposed, up to a maximum of EUR 25,000. Interest is also imposed at 0.5% per month.",mature,high,8,https://www.fonoa.com/resources/country-tax-guides/germany,Germany applies the harmonized European Union's (EU) VAT rules for marketplace & platform operators.,high,2026-03-16,"Deemed supplier rule codified in Section 3, Paragraph 3a of the German VAT Act (UStG), effective as part of the EU VAT Digital Package from July 1, 2021. Applies to B2C deliveries via electronic interfaces where the underlying seller is established in a third country outside the EU. Domestic registration threshold is EUR 25,000 (net, prior year) as of 2025 per the Annual Tax Act 2024; non-resident and non-EU sellers face a nil registration threshold. The intra-EU distance-selling threshold is EUR 10,000. ViDA will extend deemed supplier rules to B2B transactions starting 2027. Platforms facilitating short-term rentals and passenger transport will be brought under the deemed supplier regime from January 1, 2030, with optional early adoption by Member States from July 1, 2028. Registration threshold USD equivalent not provided — EUR amount used instead."
VAT_GST_IND,IND,India,vat_gst,vat_gst_marketplace,True,2017-07-01,True,False,18,,INR,,True,True,True,False,medium,medium,"Late filing penalty: INR 100/day under CGST + INR 100/day under SGST (total INR 200/day), capped at INR 5,000 per return (GSTR-3B and GSTR-1). Late payment of tax: INR 20,000 or 10% of tax due, whichever is higher, plus interest at 18% per annum. Failure to collect/pay TCS attracts interest under Section 52(6) and penalty under Section 122(vi). Platforms may be penalised under Section 122(1B) for allowing unregistered persons to supply goods or services through their platform. Deputy Commissioner may issue notice to ECO to furnish details within 15 working days.",mature,high,8,https://www.fonoa.com/resources/country-tax-guides/india,"Marketplace and platform operators are treated as e-commerce operators (ECO) who, directly or indirectly, own, operate or manage an electronic platform which is engaged in facilitating the supply of any goods and/or services.",high,2026-03-16,"India's GST marketplace framework is codified in the CGST Act, 2017 (effective 1 July 2017). Two parallel mechanisms govern platform tax obligations: (1) Section 52 — ECOs must collect Tax Collected at Source (TCS) at 0.5% (reduced from 1% effective 10 July 2024 for intra-state supplies) on net taxable value of supplies made by third-party sellers where consideration passes through the ECO, reported monthly in GSTR-8; (2) Section 9(5) — for specified notified services (passenger transport, accommodation, housekeeping, restaurant/cloud kitchen), the ECO is deemed the supplier and must pay full GST as if it were the supplier, irrespective of the underlying supplier's registration status — this is a partial deemed-supplier rule limited to enumerated service categories, not a blanket deemed-supplier rule covering all goods/services. GST registration is mandatory for all e-commerce operators and for all sellers supplying through an ECO, irrespective of turnover (Section 24 CGST Act) — meaning registration_threshold_usd and local_currency_amount are null/not applicable for marketplace participants. Standard domestic registration thresholds (INR 4,000,000 for goods / INR 2,000,000 for services in normal states) do NOT apply to marketplace sellers or ECOs. OIDAR services (digital/electronically supplied services) are subject to 18% GST; no registration threshold applies to foreign OIDAR suppliers. The standard GST rate for most services and digital services is 18%; India's multi-slab structure (0%, 5%, 12%, 18%, 28%) means 18% is reported here as the dominant/standard rate for marketplace digital services. The GST 2.0 reform launched 22 September 2025 aims to simplify rate structure; Bajaj Finance/GST Council sources indicate ongoing rationalisation toward 5%/18%/40% slabs, but 18% remains the standard rate for digital/IT services as of March 2026. No specific import VAT/GST rules analogous to EU IOSS exist for imported goods via marketplaces — reverse charge under IGST applies to cross-border B2B; B2C OIDAR rules address digital imports. Equalization Levy (a separate digital services tax, not GST) also applies to certain e-commerce operators — not captured in this GST-focused record."
VAT_GST_IDN,IDN,Indonesia,vat_gst,vat_gst_marketplace,True,2020-07-01,True,True,11,,IDR,600000000,False,True,True,True,,,,developing,high,7,https://www.globalvatcompliance.com/globalvatnews/indonesia-introduction-of-digital-vat-and-practical-implications/,"If a foreign merchant sells its products through an Indonesian operator of an online marketplace which is appointed as VAT collector, the Indonesian operator of the online marketplace is responsible for the collection of the VAT.",medium,2026-03-16,"Indonesia does not operate a classic 'deemed supplier' model; instead, online marketplace operators are appointed as VAT collectors by the Directorate General of Taxes (DGT) on a designation basis. The standard VAT rate is nominally 12% but the effective rate for most goods/services is 11% due to the DPP Nilai Lain mechanism (11/12 of 12%). The registration threshold of IDR 600 million per 12-month period (or IDR 50 million per month) is drawn from PER-12/PJ/2025 for digital/PMSE VAT; a separate threshold for the broader marketplace withholding regime (PMK 37/2025, effective 2025-07-14) has not yet been established by DGT regulation. The 'deemed_supplier_rules' field is set to false because Indonesia uses a collector-appointment model rather than a full deemed-supplier liability transfer. The law notes that platforms must also record all vendor transactions and report them to Indonesia's Directorate General of Taxes. Digital VAT applies to both B2B and B2C transactions. Original 10% VAT rate cited in 2020 sources has since been updated to 12% (effective rate 11%)."
VAT_GST_IRL,IRL,Ireland,vat_gst,vat_gst_marketplace,True,2021-07-01,True,True,23,,EUR,85000,True,True,True,True,medium,medium,"Fixed penalty of €4,000 for failing to submit a VAT return on time. Late payment interest charges range from 0.0274% to 0.0411% per day depending on the delay. Late VAT registration, errors, and late payments can all trigger penalties and interest.",mature,high,7,https://www.numeral.com/blog/ireland-vat-rates-and-compliance; https://www.taxually.com/manuals/ireland; https://www.revenue.ie/en/vat/vat-registration/who-should-register-for-vat/vat-thresholds.aspx; https://www.vatcalc.com/eu/eu-marketplace-deemed-supplier-for-eu-sellers-vat-2025/,"Digital platforms such as Amazon and eBay may be considered deemed suppliers under Irish VAT law, which applies when a non-EU seller uses a platform to sell goods already located in Ireland, or when the value of goods sold to Irish customers is under €150.",high,2026-03-16,"Ireland implements the EU VAT Directive marketplace deemed supplier rules (Article 28 and the July 2021 EU e-commerce VAT reform) as an EU member state. Deemed supplier status applies: (1) when a non-EU seller uses a platform to sell goods already located in Ireland, or (2) for imported goods valued under €150 sold to Irish customers. The domestic goods registration threshold is €85,000 (goods) / €42,500 (services) as of 1 January 2025; the EU cross-border distance selling threshold is €10,000. The registration_threshold_usd is left null because the authoritative thresholds are denominated in EUR and a USD conversion would require inference. The local_currency_amount of 85,000 reflects the goods threshold (higher of the two domestic thresholds). The ViDA package may expand deemed supplier obligations further from 2028/2030. IOSS and OSS schemes are available for import VAT simplification. Standard VAT rate is 23%. Non-EU businesses must register from their first taxable supply with no threshold grace period."
VAT_GST_ITA,ITA,Italy,vat_gst,vat_gst_marketplace,True,2021-07-01,True,False,22,,EUR,,True,True,True,True,medium,low,"Late VAT return penalty: minimum EUR 250 even if no taxes are due, maximum EUR 2,000. A 90-day grace period applies for late filing without penalty. VAT returns submitted by non-electronic means are treated as non-compliant and subject to a EUR 250–2,000 fine.",mature,high,7,https://www.fonoa.com/resources/country-tax-guides/italy,"When electronically supplied services are sold through an intermediary, e.g. a marketplace for applications, the intermediary is deemed to have received and supplied the services themselves. Therefore, the VAT liability shifts to the intermediary from the underlying supplier.",high,2026-03-16,"Italy applies the harmonised EU VAT e-commerce rules effective 1 July 2021 (EU Directive 2017/2455 and 2019/1995). Italy also retains a national platform liability regime alongside the EU harmonised deemed supplier rules (confirmed by IBFD: Austria, France, Germany and Italy have national liability regimes likely to remain in place post-July 2021). No VAT registration threshold for non-resident, non-EU ESS suppliers. The EUR 150 import consignment threshold for IOSS/deemed supplier on imports is an EU-wide rule applicable in Italy. Standard VAT rate is 22% (source: Fonoa Italy VAT guide). Penalty figures are drawn from the Fonoa Italy country guide. The registration_threshold_usd and local_currency_amount fields are null because Italy has no general marketplace-specific revenue threshold for platform VAT liability — the deemed supplier rules apply transaction-by-transaction based on seller status and goods type, not an aggregate threshold."
VAT_GST_JPN,JPN,Japan,vat_gst,vat_gst_marketplace,True,2025-04-01,True,True,10,32500000,JPY,5000000000,True,True,True,False,,,,developing,high,7,https://www.vatcalc.com/japan/japan-consumption-tax-on-digital-services-update/,designated digital platforms must collect and remit consumption tax on electronically supplied services fulfilled through their platforms,high,2026-03-16,"Deemed supplier (platform taxation) rules enacted as part of Japan's 2024 Tax Reform Package, effective 1 April 2025. Applies only to non-resident digital platform operators facilitating cross-border B2C sales of electronically supplied services to Japanese consumers. Threshold is JPY 5 billion (~USD 32.5 million) in facilitated services. Standard individual/non-resident registration threshold remains JPY 10 million (~USD 65,000). Standard rate is 10% (comprising 7.8% national + 2.2% local). Designated platforms announced by NTA include Apple Store, Apple Books, Apple Podcast, AWS Marketplace, Google Play, and Nintendo eShop. Platform taxation does not apply to domestic-to-domestic transactions or non-digital goods/services such as accommodation bookings. Penalty details not explicitly stated in sources reviewed. Qualified Invoice system in effect since October 2023; non-resident providers relieved from issuing qualified invoices once platform is designated."
VAT_GST_KEN,KEN,Kenya,vat_gst,vat_gst_marketplace,True,2021-01-01,True,False,16,,KES,,True,True,True,True,medium,high,Failure to register triggers late registration penalties; KRA may commence enforcement measures including intervention of other government authorities and appointment of tax agents for collection and remittance. Access to the digital marketplace in Kenya may be restricted for non-compliant suppliers.,developing,high,7,https://www.kra.go.ke/helping-tax-payers/faqs/vat-on-digital-marketplace-supply,digital platforms exercising significant control over transactions are deemed principal sellers for valued added tax (VAT) purposes,high,2026-03-16,"VAT on digital marketplace supplies effective 1 January 2021 per VAT (Digital Marketplace Supply) Regulations 2020; updated by VAT (Electronic, Internet and Digital Marketplace Supply) Regulations 2023. Standard rate is 16% with no minimum registration threshold for non-resident digital marketplace suppliers (the KES 5 million threshold explicitly does not apply per Finance Act 2022 / 2023 Regulations). Deemed supplier rules confirmed by Kenya High Court on 23 October 2025 (Commissioner of Domestic Taxes v. Sendy Limited, Income Tax Appeal E137 of 2024): platforms exercising control over price-setting, dispatch, invoicing, and payment collection are deemed principal suppliers liable for VAT on full customer payment. B2C scope from April 2021; B2B scope extended from 1 July 2022. DST (1.5%) originally co-existed alongside VAT; Tax Laws (Amendment) Act 2024 (effective 27 December 2024) replaced DST with a Significant Economic Presence (SEP) tax. Import VAT on goods is handled at the point of entry, not under DMS rules. Intermediaries based in Kenya making digital marketplace supplies on behalf of foreign suppliers are required to charge and account for VAT."
VAT_GST_MYS,MYS,Malaysia,vat_gst,vat_gst_marketplace,True,2020-01-01,True,True,8,,MYR,500000,True,True,True,True,high,medium,"Non-submission of returns: fines up to MYR 50,000, imprisonment up to 3 years, or both. Late payment penalties range from 10% to 40% depending on days of delay (10% for first 30 days, additional 15% for next 30 days, another 15% for the following 30 days). SST avoidance first offence: minimum fine of 10x and maximum 20x the sales tax amount, imprisonment up to 5 years, or both.",developing,high,6,https://www.vatcalc.com/malaysia/malaysia-sales-tax-on-foreign-digital-services/,electronic platforms may be liable for the VAT obligations instead of their third-party providers on their marketplaces,medium,2026-03-16,"Malaysia operates SST (Sales and Service Tax), not a standard VAT/GST. The service tax on digital services (STODS) was extended in 2020 to cover foreign digital service providers. The rate increased from 6% to 8% effective 1 March 2024 for most taxable services including digital services. Platform/marketplace operators (electronic platforms) are expressly liable for STODS obligations instead of their underlying third-party sellers, and face the same MYR 500,000 registration threshold. The deemed supplier rule is confirmed for platforms. B2B transactions are also in scope per Avalara. The SST framework expanded again on 1 July 2025. Precise USD equivalent of MYR 500,000 threshold not stated in sources and is omitted. The effective_date reflects the 2020 extension to digital/e-services; the 2024 rate change effective date is 2024-03-01. No explicit formal 'deemed supplier' label found in sources — liability shift to platform is confirmed but terminology differs from EU-style deemed supplier. confidence_flag set to medium due to partial marketplace-specific sourcing."
VAT_GST_MEX,MEX,Mexico,vat_gst,vat_gst_marketplace,True,2020-06-01,True,True,16,,MXN,300000,False,True,True,True,high,high,"If tax is not paid on time, the amount is adjusted for inflation to the date of actual payment, plus surcharges of 1.47% per month and a penalty between 55% and 70% of the adjusted amount. Non-compliant entities also risk platform blockage by SAT.",mature,high,8,https://www.avalara.com/us/en/vatlive/country-guides/north-america/mexico/mexican-vat-on-e-services.html,"There is a simplified intermediary reporting regime for those with incomes below MXN 300,000.",high,2026-03-16,"Mexico uses a withholding model rather than a full deemed supplier model: platforms withhold 50% of VAT when the supplier is a Mexican resident individual with a valid RFC, and 100% when no RFC is provided or the supplier is non-resident. This is distinct from a pure deemed supplier rule (where the platform is treated as if it made the supply outright). The MXN 300,000 threshold applies only to third-party resident suppliers using the platform — it is a simplified reporting threshold for those suppliers, not a registration threshold for the platform operator itself; there is no registration threshold for platform operators or foreign digital service providers. Import VAT applies at 16% on goods imported into Mexico, with a de minimis of USD 50 CIF for non-USMCA shipments; as of August 2025, goods below USD 2,500 are subject to a 33.5% import duty for countries without a free trade agreement. The regime covers both B2B and B2C transactions. As of January 1, 2026, expanded platform withholding rules apply to business (legal entity) sellers as well. EDP (Electronic Distribution Platform) classification is used in Mexican law to describe intermediary platform operators subject to withholding obligations."
VAT_GST_NLD,NLD,Netherlands,vat_gst,vat_gst_marketplace,True,2021-07-01,True,True,21,,EUR,10000,True,True,True,True,medium,medium,"Late VAT payment within 7-day leniency period: official notice only. If paid within leniency period but was late or underpaid in prior period: 3–10% of VAT due, minimum EUR 50, maximum EUR 5,514.",mature,high,8,https://www.fonoa.com/resources/country-tax-guides/netherlands,"When electronically supplied services are sold through an intermediary, e.g. a marketplace for applications, the intermediary is deemed to have received and supplied the services themselves. Therefore, the VAT liability shifts to the intermediary from the underlying supplier.",high,2026-03-16,"Netherlands implements the EU VAT e-commerce package (effective 1 July 2021) directly. Deemed supplier (platform fiction) applies to: (1) imported goods ≤ EUR 150 shipped to EU consumers; (2) EU-located goods sold by non-EU sellers to EU consumers (any value). The EUR 10,000 threshold is the pan-EU OSS distance-selling threshold (not a marketplace-specific registration threshold). No Netherlands-specific registration threshold exists for non-resident or non-established sellers — even a single taxable transaction triggers registration. Netherlands may adopt ViDA Pillar 2 (ride/accommodation deemed supplier rules) ahead of the EU-wide 2028–2030 schedule. Penalty figures sourced from Fonoa Netherlands VAT guide. Standard rate 21% (BTW). Local small-business exemption threshold: EUR 25,000 turnover (domestic businesses only)."
VAT_GST_NZL,NZL,New Zealand,vat_gst,vat_gst_marketplace,True,2024-04-01,True,True,15,34663,NZD,60000,True,True,True,True,medium,medium,"Late filing penalty: NZD 50–500 per late return depending on accounting basis (invoice/hybrid basis NZD 250; payments basis NZD 50). Late payment penalty: 1% on day after due date, additional 4% after seven days, plus 1% per month on unpaid balance. Shortfall penalties for incorrect GST return positions range from 20% to 150% of the GST discrepancy. IRD may impose back-taxes, penalties, and interest retroactively from when the registration threshold was first passed. Voluntary disclosure before audit notification reduces or removes shortfall penalty exposure.",mature,high,7,https://www.ird.govt.nz/sharing-economy/online-marketplaces/gst-on-listed-services,"Online marketplaces (resident or non-resident for tax purposes) who facilitate the sale of listed services, must collect and pay GST of 15% when the service is performed, provided, or received in New Zealand.",high,2026-03-16,"Enacted via Taxation (Annual Rates for 2022–23, Platform Economy, and Remedial Matters) Act 2023, receiving Royal Assent on 31 March 2023; operative from 1 April 2024. Marketplace operators are treated as deemed suppliers ('full liability regime') for listed services: ridesharing, ride-hailing, food and beverage delivery, and short-stay accommodation. Applies to both resident and non-resident marketplace operators. NZD 60,000 registration threshold applies (same as domestic threshold). A flat-rate credit scheme (8.5%) passes a portion of collected GST to non-GST-registered underlying suppliers; the marketplace retains 6.5% to remit to Inland Revenue. Opt-out available to underlying suppliers making >NZD 500,000 in taxable supplies in 12 months, or accommodation hosts meeting a 2,000-night threshold. OECD DAC7-equivalent platform reporting framework operative from 1 January 2024 (first reports due 7 February 2025). Import GST applies to low-value imported goods (≤NZD 1,000) via marketplace collection rules operative since 1 December 2019. USD equivalent of NZD 60,000 threshold calculated using 2024 average exchange rate of 1 NZD = 0.6050 USD (source: exchange-rates.org 2024 annual average); USD figure is indicative only and fluctuates with exchange rates — the statutory threshold is NZD 60,000. Amendments proposed for listing-intermediary scenarios had not yet been enacted as of the EY April 2024 alert."
VAT_GST_NGA,NGA,Nigeria,vat_gst,vat_gst_marketplace,True,2026-01-01,True,True,7.5,25000,NGN,25000000,True,True,True,True,medium,medium,"FIRS/NRS will invoke mutual administrative assistance instruments to enforce, collect and recover VAT from non-resident suppliers that fail to account for or remit VAT due. Failure to register incurs penalties. The NRS may appoint collection agents including digital platforms and payment processors.",developing,high,7,https://www.vatcalc.com/nigeria/nigeria-vat-on-goods-digital-services-jan-2021-for-non-residents/,"Intermediary platforms will be viewed as deemed sellers responsible for registering, invoicing, collecting and remitting VAT on sales completed through their platforms.",high,2026-03-16,"Nigeria Tax Act 2025 (NTA 2025) delayed full non-resident obligations to 1 January 2026. Digital services rules under simplified compliance regime were effective from 1 January 2022; goods from 1 January 2024. The USD 25,000 threshold applies to non-resident providers' annual turnover from Nigeria. The NGN 25,000,000 threshold applies to domestic resident registration. Marketplace/platform deemed supplier rules exist but are framed as a discretionary designation: the NRS 'may appoint' platforms as collection agents rather than an automatic deemed-supplier mandate. B2B reverse charge also applies so that non-resident suppliers do not charge VAT to Nigerian business customers. A Simplified Compliance Regime portal is being rolled out for non-resident registration and reporting."
VAT_GST_NOR,NOR,Norway,vat_gst,vat_gst_marketplace,True,2020-04-01,True,True,25,,NOK,50000,True,True,True,True,medium,high,"Norwegian Tax Administration may retrospectively assess unpaid VAT for up to several years, plus penalty tax of up to 20% of unpaid VAT and statutory interest from original due date. Customs authorities may block or delay shipments. Non-compliant platforms face increased scrutiny, removal from payment or logistics networks, and contractual disputes.",mature,high,7,https://www.vatcalc.com/norway/norway-ends-import-vat-exemption-sales-vat-due-on-imported-b2c-sales-below-nok-3000-voec/,Facilitating marketplaces or electronic 'intermediaries' will also take on responsibilities for charging sales VAT on certain seller transactions.,high,2026-03-16,"VOEC scheme originally enacted 1 April 2020; material amendments (abolition of NOK 350 de minimis, mandatory digital VOEC transmission) effective 1 January 2024. Deemed supplier rules are mandatory — underlying supplier and intermediary cannot contractually reassign VAT liability. VOEC applies to low-value goods (per-item value below NOK 3,000) and remotely deliverable services. Registration threshold is NOK 50,000 turnover in Norway within a 12-month period; no direct USD equivalent stated in sources. Standard VAT rate is 25%. Foodstuffs, alcohol, tobacco, and excise goods are excluded from VOEC and subject to border collection. Norway is noted as the first European country to implement such a system, predating the EU's July 2021 e-commerce VAT package."
VAT_GST_POL,POL,Poland,vat_gst,vat_gst_marketplace,True,2021-07-01,True,True,23,,PLN,,True,True,True,True,high,medium,"A penalty of 30% is charged for understatement of tax liability where the amount of tax shown in the return is lower than the amount payable, or for overstatement of input tax.",mature,high,7,https://lawyersinpoland.com/advice/vat-for-cross-border-e-commerce-into-poland-navigating-oss-ioss-platform-deeming-and-returns/,"Under the EU e-commerce package implemented in Poland, certain online marketplaces and platforms are now 'deemed' to be the supplier for VAT purposes.",high,2026-03-16,"Poland transposed the EU VAT e-commerce package (Council Directive 2017/2455/EU) effective 1 July 2021. Deemed supplier rules apply in two scenarios: (1) facilitation of goods imported from outside the EU in consignments not exceeding EUR 150; (2) facilitation of intra-EU goods supplied by non-EU established sellers, regardless of value. The EUR 10,000 EU-wide threshold applies to combined B2C distance sales and TBE services above which VAT is due in the customer's Member State. IOSS covers imported consignments ≤ EUR 150; consignments > EUR 150 fall under normal import and domestic VAT rules. ViDA extensions (accommodation/transport platform deemed supplier) are optional from July 2028 and mandatory from January 2030. Standard VAT rate of 23% applies. No Poland-specific domestic registration threshold for non-resident ESS suppliers. The 30% understatement penalty figure is sourced from fonoa.com. OSS returns filed in PLN."
VAT_GST_SAU,SAU,Saudi Arabia,vat_gst,vat_gst_marketplace,True,2026-01-01,True,True,15,,SAR,375000,True,True,True,True,high,high,Non-compliance may result in unexpected tax liabilities for either party. Misclassification of transactions could lead to disputes or litigation. Increased risk of penalties for non-compliance. Platforms are directly liable for unreported/unremitted VAT as deemed suppliers.,developing,high,8,https://www.vatcalc.com/saudi-arabia/saudi-arabia-marketplace-deemed-supplier-2026/,"After 1 January 2026, Article 47 of the Implementing Regulations will include new obligations for electronic marketplaces and other parties involved in the supply of electronic services.",high,2026-03-16,"Deemed supplier rules under revised Article 47 of the VAT Implementing Regulations were introduced via ZATCA Board Resolution No. (01-06-24), published 18 April 2025. The marketplace deemed supplier provisions became effective 1 January 2026. The domestic VAT registration threshold of SAR 375,000 applies to resident suppliers; non-resident suppliers and non-resident digital service providers have no threshold. The standard VAT rate is 15%. Exemptions from deemed supplier status exist where: (a) the non-resident supplier is clearly identified as principal in all documentation, and (b) the marketplace does not set terms, pricing, collect payment, handle complaints, or offer promotions. Similar rules apply where a resident but non-VAT-registered supplier is intermediated. Food delivery and short-term accommodation platforms are specifically highlighted as commonly captured sectors. Certain provisions from the April 2025 amendments take effect immediately, others within 180 days, and some from 1 June 2026."
VAT_GST_SGP,SGP,Singapore,vat_gst,vat_gst_marketplace,True,2020-01-01,True,True,9,73000,SGD,100000,True,True,True,True,high,medium,"Late payments incur a 5% penalty, followed by 2% per month until paid, up to a maximum of 50% of tax due. Failure to register when required may lead to retrospective assessments and fines of up to 200% of tax owed. Deliberate evasion or fraudulent reporting may result in fines of up to S$10,000 (US$7,300), imprisonment for up to 7 years, and penalties equal to 3 times the tax evaded. Late filing of GST return results in SGD 200 penalty with a further SGD 200 for every month not filed, up to a maximum of SGD 10,000.",mature,high,7,https://www.iras.gov.sg/taxes/goods-services-tax-(gst)/gst-and-digital-economy/overseas-businesses,"overseas businesses with an annual global turnover exceeding S$1 million and that make B2C supplies of remote services and/or low-value goods to customers in Singapore exceeding S$100,000 annually, will be required to register for GST in Singapore",high,2026-03-16,"OVR regime launched 1 Jan 2020 for digital services; expanded 1 Jan 2023 to all remote services (digital and non-digital) and low-value goods (LVG) valued at SGD 400 or less imported by air or post. GST rate increased from 8% to 9% on 1 Jan 2024. Two-part registration threshold: (1) global turnover >SGD 1,000,000 AND (2) B2C supplies to Singapore >SGD 100,000. The registration_threshold_usd of 73000 reflects the SGD 100,000 Singapore-supply leg per ASEAN Briefing/China Briefing (US$73,000); the global turnover leg is SGD 1,000,000 (~USD 730,000). Effective_date reflects original OVR enactment; marketplace/LVG extension effective 2023-01-01. Deemed supplier rules apply to electronic marketplace operators for both remote services and LVG. EDP (electronic distribution platform) classification applies as IRAS designates qualifying electronic marketplaces as deemed suppliers. B2C scope only under OVR; B2B handled via reverse charge. Import VAT rules apply to LVG ≤SGD 400. Penalties sourced from aseanbriefing.com / china-briefing.com and taxually.com; IRAS official penalty schedule should be verified directly for enforcement actions."
VAT_GST_ZAF,ZAF,South Africa,vat_gst,vat_gst_marketplace,True,2019-04-01,True,True,15,,ZAR,1000000,True,True,True,True,,,,mature,high,7,https://www.vatcalc.com/south-africa/south-africa-vat-on-digital-services-by-non-residents/,Foreign intermediary electronic marketplaces will be considered responsible for the VAT of the non-resident. This marketplace liability was introduced in April 2019.,high,2026-03-16,"Marketplace deemed supplier rules introduced April 2019 under section 54(2B) of the VAT Act. Amended effective 1 April 2025: intermediaries may now act on behalf of principals irrespective of the principal's VAT registration status, provided both parties agree in writing (RSM / EY sources). Principal and intermediary are jointly and severally liable for VAT on deemed supplies. Registration threshold is ZAR 1,000,000 in any consecutive 12-month period. Standard VAT rate was 15% at time of marketplace rule enactment; scheduled increases to 15.5% on 1 May 2025 and 16% on 1 April 2026 per globalvatcompliance.com. B2C low-value import VAT (removing de minimis exemption below ZAR 500) came into effect 1 September 2024. B2B exclusion from 'electronic services' definition effective 1 April 2025 means foreign suppliers serving only SA VAT-registered vendors need not register. USD equivalent of ZAR 1,000,000 registration threshold not explicitly stated in sources; left as null."
VAT_GST_KOR,KOR,South Korea,vat_gst,vat_gst_marketplace,True,2015-07-01,True,False,10,,KRW,,True,False,True,True,medium,medium,"1% of supply price for non-compliance with simplified VAT registration (effective 1 January 2024); late payment penalty of 3% of unpaid tax; late filing accrues 0.02% interest per day; foreign intermediaries failing to submit quarterly transaction statements face penalties of up to KRW 20 million (~USD 14,300) effective 1 July 2025; blocked marketplace sales and customs holds for unregistered non-residents.",mature,high,7,https://taxsummaries.pwc.com/republic-of-korea/corporate/other-taxes,where the non-resident without having a domestic place of business provides the E-Services in South Korea through any of the following third parties ... the third party shall be deemed to provide the relevant E-Services in South Korea,high,2026-03-16,"Deemed supplier rule codified in Article 53(2) of the VAT Act and Article 96(2) of its Enforcement Decree; applies to operators of open markets / online platforms facilitating e-services transactions. Effective date of 1 July 2015 covers both non-resident supplier registration and platform deemed-supplier obligations. From 1 July 2025, foreign digital intermediaries (marketplace operators, payment gateways, etc.) must additionally submit quarterly transaction statements to the Korean National Tax Service under amended Article 75 of the VAT Law; penalty for non-submission up to KRW 20 million. No VAT registration threshold exists for non-resident B2C digital service providers — registration is required from the first sale. B2B supplies handled via reverse charge. Import VAT on goods collected by customs authorities. Small domestic businesses with annual taxable sales up to KRW 48 million may qualify for a VAT exemption (domestic scheme, not applicable to non-residents)."
VAT_GST_ESP,ESP,Spain,vat_gst,vat_gst_marketplace,True,2021-07-01,True,True,21,,EUR,10000,True,True,True,True,high,medium,"Late payment penalty is 50% of the amount due, reducible by 30% if taxpayer agrees to tax authority adjustment or 25% if paid without protest. Late filing penalty is 1% plus an additional 1% for each full month the return is overdue.",mature,high,7,https://www.fonoa.com/resources/country-tax-guides/spain,Spain applies the harmonized European Union's (EU) VAT rules for marketplace & platform operators. A marketplace is deemed to have received and supplied the goods themselves.,high,2026-03-16,"Spain implements the EU e-commerce VAT package effective 1 July 2021 (Council Directive 2017/2455 and 2019/1995). Deemed supplier rules apply under Article 14a of the EU VAT Directive. No domestic VAT registration threshold exists; the relevant cross-border B2C threshold is the EU-wide EUR 10,000 (all member states combined). The EUR 10,000 threshold applies to EU-established sellers only; non-EU established suppliers of electronically supplied services have no registration threshold. IOSS applies to imports of low-value goods (under EUR 150). The Canary Islands, Ceuta, and Melilla fall outside the Spanish VAT zone. USD equivalent of the EUR 10,000 threshold is not stated in source and is therefore null. ViDA reforms will extend deemed supplier rules further from 2028–2030."
VAT_GST_SWE,SWE,Sweden,vat_gst,vat_gst_marketplace,True,2021-07-01,True,True,25,,SEK,120000,True,True,True,True,medium,low,"Late filing penalty of SEK 625, or SEK 1,250 if filed late after official notice. Late payment attracts a base interest of 3.75% plus an additional 18.75% interest for late payment.",mature,high,7,https://www.fonoa.com/resources/country-tax-guides/sweden,Sweden applies the harmonized European Union's (EU) VAT rules for marketplace & platform operators.,high,2026-03-16,"Sweden implements EU VAT marketplace deemed supplier rules effective 1 July 2021 (EU e-commerce package). Platform/electronic interface is deemed to have bought and sold goods for VAT purposes in qualifying transactions (non-EU seller to EU consumer; imports ≤ €150). Domestic VAT registration threshold raised to SEK 120,000 from 1 January 2025 (per PwC/Fonoa/Avalara). No registration threshold for non-resident businesses. EU-wide distance sales threshold of €10,000 (approx. SEK 99,680) applies. Non-EU businesses must appoint a fiscal representative. OSS/IOSS schemes available. Proposed 2027 reforms (ViDA alignment) may expand deemed supplier scope to intra-EU supplies. USD equivalent of SEK 120,000 registration threshold not explicitly stated in sources and therefore left null."
VAT_GST_CHE,CHE,Switzerland,vat_gst,vat_gst_marketplace,True,2025-01-01,True,True,8.1,,CHF,100000,True,True,True,True,medium,high,"The Federal Tax Administration (FTA) may take firmer action if platforms fail to fulfil their obligations or wrongfully fail to register as taxable companies. Enforcement powers include ordering Swiss telecom providers to block access to non-compliant platforms (network blocking modelled on online gambling framework), escalating to import bans and destruction of shipped goods for continued non-compliance. Merchants selling through platforms may retain joint/subsidiary liability if the platform fails to comply.",developing,high,7,https://www.vatcalc.com/switzerland/switzerland-draft-marketplace-deemed-supplier-vat-rules-2024/,"From 1 January 2025, Switzerland's Federal Tax Administration has made digital platforms or online marketplace responsible for the VAT collections and remittance on low-value consignments (imported or already on Swiss territory) being sold to consumers by third-party sellers.",high,2026-03-16,"Standard VAT rate is 8.1%; a planned increase to 8.8% in 2026 has been referenced in sources but not yet enacted. Deemed supplier rules apply to goods only — digital services are currently excluded from the deemed supplier regime (though a public consultation to extend to digital services is open until 19 March 2026). The CHF 100,000 registration threshold applies to annual low-value consignment sales and is expressed in CHF; no official USD equivalent was stated in sources. Low-value consignment VAT exemption threshold is CHF 62 (standard rate) or CHF 193 (reduced rate), where import VAT would be less than CHF 5. VAT Act revision approved 16 June 2023. Platforms facilitating services (transport, accommodation, rentals) are excluded from the 2025 deemed supplier scope. Sellers remain subsidiarily liable if platforms fail to comply."
VAT_GST_THA,THA,Thailand,vat_gst,vat_gst_marketplace,True,2021-09-01,True,True,7,,THB,1800000,True,True,True,True,medium,medium,"Civil and criminal penalties apply for noncompliance. If an e-Service VAT provider has assets or bank accounts in Thailand, the Revenue Department may seize them under Section 12 of the Revenue Code. Non-resident platforms operating under the simplified SVE system cannot issue tax invoices and cannot offset input VAT (pay-only system).",developing,high,6,https://www.vatcalc.com/thailand/thailand-vat-on-foreign-digital-services-september-2021/,electronic platforms or marketplaces may have to take on the indirect tax obligation,high,2026-03-16,"Marketplace/platform VAT liability under the e-Service regime (Revenue Code Amendment Act No. 53, B.E. 2564) covers only electronic/digital services delivered to non-VAT-registered (B2C) customers in Thailand; physical goods sold via platforms fall under separate Customs Department rules. A temporary measure imposing 7% VAT on low-value imports (under 1,500 THB) via the Customs Department has been in effect since July 5, 2024, extended through December 31, 2025; a full platform-based collection model for physical goods (deemed supplier for imports) is slated to take effect January 1, 2026 but is not yet fully enacted as a Revenue Code amendment. The 7% VAT rate is a temporary reduced rate (standard statutory rate is 10%); it has been extended multiple times and was extended through at least September 30, 2025. The THB 1.8 million registration threshold applies per accounting/calendar year. USD equivalent of registration threshold not explicitly stated in sources; USD amount left null. B2B transactions use the reverse-charge mechanism and are excluded from the platform's remittance obligation."
VAT_GST_ARE,ARE,United Arab Emirates,vat_gst,vat_gst_marketplace,True,2018-01-01,True,True,5,102101,AED,375000,False,True,True,True,high,medium,"Fixed AED 10,000 fine for late VAT registration; VAT may be backdated from the date the threshold was first exceeded. Both fixed and tax-geared penalties apply for non-compliance with VAT obligations.",developing,high,6,https://tax.gov.ae/en/services/vat.registration.aspx,"Non-resident businesses: VAT registration is mandatory if the business makes taxable supplies in the UAE, even if the value of supplies does not exceed the threshold, unless there is another party in the UAE responsible for settling the VAT on those supplies.",medium,2026-03-16,"The UAE VAT law (Federal Decree-Law No. 8 of 2017) does not contain codified 'deemed supplier' marketplace rules equivalent to the EU VAT e-commerce package or UK model. Platform liability arises indirectly: non-resident suppliers must register for VAT from their first B2C sale with no threshold; where no other party is obligated to pay VAT, the non-resident supplier itself must register. As of the 2026 amendments (effective 1 January 2026), the emphasis is on enforcement and clarification of intermediary roles rather than legislative expansion of deemed supplier rules. The IBFD source notes that 'this presumption is not codified in the legislation' for GCC marketplace deemed supplier rules. The registration_threshold_usd of ~102,101 applies to UAE-resident businesses only (AED 375,000 at approx. 0.272 USD/AED); no threshold applies to non-residents. USD conversion is approximate. deemed_supplier_rules set to false as no formal codified marketplace deemed supplier legislation has been enacted as of the research date."
VAT_GST_GBR,GBR,United Kingdom,vat_gst,vat_gst_marketplace,True,2021-01-01,True,True,20,,GBP,90000,True,True,True,True,medium,medium,Late registration penalties and VAT underdeclaration liability apply to non-compliant overseas sellers. Online marketplaces must retain electronic records for at least six years. Goods may be blocked at customs and platforms may remove non-compliant sellers.,mature,high,7,https://www.avalara.com/blog/en/europe/2021/01/2021-eu-marketplaces-vat-deemed-supplier.html,UK ecommerce marketplace deemed supplier rules were introduced on 1 January 2021.,high,2026-03-16,"Deemed supplier rules currently apply only to non-UK-established sellers; UK-established sellers benefit from the £90,000 registration threshold and account for their own VAT. Two scenarios trigger OMP deemed supplier status: (1) goods located outside the UK at point of sale with consignment value £135 or less; (2) goods located inside the UK at point of sale where the seller is an overseas business (any value). Goods above £135 use standard import VAT procedures. As of late 2025, the UK government is reviewing a potential extension of deemed supplier rules to all marketplace sellers regardless of establishment, but no legislation has been enacted. The £90,000 registration threshold is in GBP; no USD equivalent is officially stated in sources. standard_rate_pct of 20% is the UK standard VAT rate per source context (French/Italian rates cited comparatively; UK 20% is well-established). registration_threshold_usd set to null as no USD conversion is stated in sources."
